Hamilton E. Holmes Station,West Lake Station,Ashby Station,Vine City Station,Omni Station,Five Points Station,Georgia State Station,King Memorial Station,Inman Park Station,Edgewood-Candler Park Station,East Lake Station,Decatur Station,Avondale Station,Kensington Station,Indian Creek Station
6:01 AM,6:04 AM,6:07 AM,6:08 AM,6:09 AM,6:10 AM,6:11 AM,6:13 AM,6:16 AM,6:18 AM,6:21 AM,6:23 AM,6:25 AM,6:28 AM,6:30 AM
6:21 AM,6:24 AM,6:27 AM,6:28 AM,6:29 AM,6:30 AM,6:31 AM,6:33 AM,6:36 AM,6:38 AM,6:41 AM,6:43 AM,6:45 AM,6:48 AM,6:50 AM
6:41 AM,6:44 AM,6:47 AM,6:48 AM,6:49 AM,6:50 AM,6:51 AM,6:53 AM,6:56 AM,6:58 AM,7:01 AM,7:03 AM,7:05 AM,7:08 AM,7:10 AM
7:01 AM,7:04 AM,7:07 AM,7:08 AM,7:09 AM,7:10 AM,7:11 AM,7:13 AM,7:16 AM,7:18 AM,7:21 AM,7:23 AM,7:25 AM,7:28 AM,7:30 AM
7:21 AM,7:24 AM,7:27 AM,7:28 AM,7:29 AM,7:30 AM,7:31 AM,7:33 AM,7:36 AM,7:38 AM,7:41 AM,7:43 AM,7:45 AM,7:48 AM,7:50 AM
7:41 AM,7:44 AM,7:47 AM,7:48 AM,7:49 AM,7:50 AM,7:51 AM,7:53 AM,7:56 AM,7:58 AM,8:01 AM,8:03 AM,8:05 AM,8:08 AM,8:10 AM
8:01 AM,8:04 AM,8:07 AM,8:08 AM,8:09 AM,8:10 AM,8:11 AM,8:13 AM,8:16 AM,8:18 AM,8:21 AM,8:23 AM,8:25 AM,8:28 AM,8:30 AM
8:21 AM,8:24 AM,8:27 AM,8:28 AM,8:29 AM,8:30 AM,8:31 AM,8:33 AM,8:36 AM,8:38 AM,8:41 AM,8:43 AM,8:45 AM,8:48 AM,8:50 AM
8:41 AM,8:44 AM,8:47 AM,8:48 AM,8:49 AM,8:50 AM,8:51 AM,8:53 AM,8:56 AM,8:58 AM,9:01 AM,9:03 AM,9:05 AM,9:08 AM,9:10 AM
9:01 AM,9:04 AM,9:07 AM,9:08 AM,9:09 AM,9:10 AM,9:11 AM,9:13 AM,9:16 AM,9:18 AM,9:21 AM,9:23 AM,9:25 AM,9:28 AM,9:30 AM
9:21 AM,9:24 AM,9:27 AM,9:28 AM,9:29 AM,9:30 AM,9:31 AM,9:33 AM,9:36 AM,9:38 AM,9:41 AM,9:43 AM,9:45 AM,9:48 AM,9:50 AM
9:41 AM,9:44 AM,9:47 AM,9:48 AM,9:49 AM,9:50 AM,9:51 AM,9:53 AM,9:56 AM,9:58 AM,10:01 AM,10:03 AM,10:05 AM,10:08 AM,10:10 AM
10:01 AM,10:04 AM,10:07 AM,10:08 AM,10:09 AM,10:10 AM,10:11 AM,10:13 AM,10:16 AM,10:18 AM,10:21 AM,10:23 AM,10:25 AM,10:28 AM,10:30 AM
10:21 AM,10:24 AM,10:27 AM,10:28 AM,10:29 AM,10:30 AM,10:31 AM,10:33 AM,10:36 AM,10:38 AM,10:41 AM,10:43 AM,10:45 AM,10:48 AM,10:50 AM
10:41 AM,10:44 AM,10:47 AM,10:48 AM,10:49 AM,10:50 AM,10:51 AM,10:53 AM,10:56 AM,10:58 AM,11:01 AM,11:03 AM,11:05 AM,11:08 AM,11:10 AM
11:01 AM,11:04 AM,11:07 AM,11:08 AM,11:09 AM,11:10 AM,11:11 AM,11:13 AM,11:16 AM,11:18 AM,11:21 AM,11:23 AM,11:25 AM,11:28 AM,11:30 AM
11:21 AM,11:24 AM,11:27 AM,11:28 AM,11:29 AM,11:30 AM,11:31 AM,11:33 AM,11:36 AM,11:38 AM,11:41 AM,11:43 AM,11:45 AM,11:48 AM,11:50 AM
11:41 AM,11:44 AM,11:47 AM,11:48 AM,11:49 AM,11:50 AM,11:51 AM,11:53 AM,11:56 AM,11:58 AM,12:01 PM,12:03 PM,12:05 PM,12:08 PM,12:10 PM
12:01 PM,12:04 PM,12:07 PM,12:08 PM,12:09 PM,12:10 PM,12:11 PM,12:13 PM,12:16 PM,12:18 PM,12:21 PM,12:23 PM,12:25 PM,12:28 PM,12:30 PM
12:21 PM,12:24 PM,12:27 PM,12:28 PM,12:29 PM,12:30 PM,12:31 PM,12:33 PM,12:36 PM,12:38 PM,12:41 PM,12:43 PM,12:45 PM,12:48 PM,12:50 PM
12:41 PM,12:44 PM,12:47 PM,12:48 PM,12:49 PM,12:50 PM,12:51 PM,12:53 PM,12:56 PM,12:58 PM,1:01 PM,1:03 PM,1:05 PM,1:08 PM,1:10 PM
1:01 PM,1:04 PM,1:07 PM,1:08 PM,1:09 PM,1:10 PM,1:11 PM,1:13 PM,1:16 PM,1:18 PM,1:21 PM,1:23 PM,1:25 PM,1:28 PM,1:30 PM
1:21 PM,1:24 PM,1:27 PM,1:28 PM,1:29 PM,1:30 PM,1:31 PM,1:33 PM,1:36 PM,1:38 PM,1:41 PM,1:43 PM,1:45 PM,1:48 PM,1:50 PM
1:41 PM,1:44 PM,1:47 PM,1:48 PM,1:49 PM,1:50 PM,1:51 PM,1:53 PM,1:56 PM,1:58 PM,2:01 PM,2:03 PM,2:05 PM,2:08 PM,2:10 PM
2:01 PM,2:04 PM,2:07 PM,2:08 PM,2:09 PM,2:10 PM,2:11 PM,2:13 PM,2:16 PM,2:18 PM,2:21 PM,2:23 PM,2:25 PM,2:28 PM,2:30 PM
2:21 PM,2:24 PM,2:27 PM,2:28 PM,2:29 PM,2:30 PM,2:31 PM,2:33 PM,2:36 PM,2:38 PM,2:41 PM,2:43 PM,2:45 PM,2:48 PM,2:50 PM
2:41 PM,2:44 PM,2:47 PM,2:48 PM,2:49 PM,2:50 PM,2:51 PM,2:53 PM,2:56 PM,2:58 PM,3:01 PM,3:03 PM,3:05 PM,3:08 PM,3:10 PM
3:01 PM,3:04 PM,3:07 PM,3:08 PM,3:09 PM,3:10 PM,3:11 PM,3:13 PM,3:16 PM,3:18 PM,3:21 PM,3:23 PM,3:25 PM,3:28 PM,3:30 PM
3:21 PM,3:24 PM,3:27 PM,3:28 PM,3:29 PM,3:30 PM,3:31 PM,3:33 PM,3:36 PM,3:38 PM,3:41 PM,3:43 PM,3:45 PM,3:48 PM,3:50 PM
3:41 PM,3:44 PM,3:47 PM,3:48 PM,3:49 PM,3:50 PM,3:51 PM,3:53 PM,3:56 PM,3:58 PM,4:01 PM,4:03 PM,4:05 PM,4:08 PM,4:10 PM
4:01 PM,4:04 PM,4:07 PM,4:08 PM,4:09 PM,4:10 PM,4:11 PM,4:13 PM,4:16 PM,4:18 PM,4:21 PM,4:23 PM,4:25 PM,4:28 PM,4:30 PM
4:21 PM,4:24 PM,4:27 PM,4:28 PM,4:29 PM,4:30 PM,4:31 PM,4:33 PM,4:36 PM,4:38 PM,4:41 PM,4:43 PM,4:45 PM,4:48 PM,4:50 PM
4:41 PM,4:44 PM,4:47 PM,4:48 PM,4:49 PM,4:50 PM,4:51 PM,4:53 PM,4:56 PM,4:58 PM,5:01 PM,5:03 PM,5:05 PM,5:08 PM,5:10 PM
5:01 PM,5:04 PM,5:07 PM,5:08 PM,5:09 PM,5:10 PM,5:11 PM,5:13 PM,5:16 PM,5:18 PM,5:21 PM,5:23 PM,5:25 PM,5:28 PM,5:30 PM
5:21 PM,5:24 PM,5:27 PM,5:28 PM,5:29 PM,5:30 PM,5:31 PM,5:33 PM,5:36 PM,5:38 PM,5:41 PM,5:43 PM,5:45 PM,5:48 PM,5:50 PM
5:41 PM,5:44 PM,5:47 PM,5:48 PM,5:49 PM,5:50 PM,5:51 PM,5:53 PM,5:56 PM,5:58 PM,6:01 PM,6:03 PM,6:05 PM,6:08 PM,6:10 PM
6:01 PM,6:04 PM,6:07 PM,6:08 PM,6:09 PM,6:10 PM,6:11 PM,6:13 PM,6:16 PM,6:18 PM,6:21 PM,6:23 PM,6:25 PM,6:28 PM,6:30 PM
6:21 PM,6:24 PM,6:27 PM,6:28 PM,6:29 PM,6:30 PM,6:31 PM,6:33 PM,6:36 PM,6:38 PM,6:41 PM,6:43 PM,6:45 PM,6:48 PM,6:50 PM
6:41 PM,6:44 PM,6:47 PM,6:48 PM,6:49 PM,6:50 PM,6:51 PM,6:53 PM,6:56 PM,6:58 PM,7:01 PM,7:03 PM,7:05 PM,7:08 PM,7:10 PM
7:01 PM,7:04 PM,7:07 PM,7:08 PM,7:09 PM,7:10 PM,7:11 PM,7:13 PM,7:16 PM,7:18 PM,7:21 PM,7:23 PM,7:25 PM,7:28 PM,7:30 PM
7:21 PM,7:24 PM,7:27 PM,7:28 PM,7:29 PM,7:30 PM,7:31 PM,7:33 PM,7:36 PM,7:38 PM,7:41 PM,7:43 PM,7:45 PM,7:48 PM,7:50 PM
7:41 PM,7:44 PM,7:47 PM,7:48 PM,7:49 PM,7:50 PM,7:51 PM,7:53 PM,7:56 PM,7:58 PM,8:01 PM,8:03 PM,8:05 PM,8:08 PM,8:10 PM
8:01 PM,8:04 PM,8:07 PM,8:08 PM,8:09 PM,8:10 PM,8:11 PM,8:13 PM,8:16 PM,8:18 PM,8:21 PM,8:23 PM,8:25 PM,8:28 PM,8:30 PM
8:21 PM,8:24 PM,8:27 PM,8:28 PM,8:29 PM,8:30 PM,8:31 PM,8:33 PM,8:36 PM,8:38 PM,8:41 PM,8:43 PM,8:45 PM,8:48 PM,8:50 PM
8:41 PM,8:44 PM,8:47 PM,8:48 PM,8:49 PM,8:50 PM,8:51 PM,8:53 PM,8:56 PM,8:58 PM,9:01 PM,9:03 PM,9:05 PM,9:08 PM,9:10 PM
9:01 PM,9:04 PM,9:07 PM,9:08 PM,9:09 PM,9:10 PM,9:11 PM,9:13 PM,9:16 PM,9:18 PM,9:21 PM,9:23 PM,9:25 PM,9:28 PM,9:30 PM
9:21 PM,9:24 PM,9:27 PM,9:28 PM,9:29 PM,9:30 PM,9:31 PM,9:33 PM,9:36 PM,9:38 PM,9:41 PM,9:43 PM,9:45 PM,9:48 PM,9:50 PM
9:41 PM,9:44 PM,9:47 PM,9:48 PM,9:49 PM,9:50 PM,9:51 PM,9:53 PM,9:56 PM,9:58 PM,10:01 PM,10:03 PM,10:05 PM,10:08 PM,10:10 PM
10:01 PM,10:04 PM,10:07 PM,10:08 PM,10:09 PM,10:10 PM,10:11 PM,10:13 PM,10:16 PM,10:18 PM,10:21 PM,10:23 PM,10:25 PM,10:28 PM,10:30 PM
10:21 PM,10:24 PM,10:27 PM,10:28 PM,10:29 PM,10:30 PM,10:31 PM,10:33 PM,10:36 PM,10:38 PM,10:41 PM,10:43 PM,10:45 PM,10:48 PM,10:50 PM
10:41 PM,10:44 PM,10:47 PM,10:48 PM,10:49 PM,10:50 PM,10:51 PM,10:53 PM,10:56 PM,10:58 PM,11:01 PM,11:03 PM,11:05 PM,11:08 PM,11:10 PM
11:01 PM,11:04 PM,11:07 PM,11:08 PM,11:09 PM,11:10 PM,11:11 PM,11:13 PM,11:16 PM,11:18 PM,11:21 PM,11:23 PM,11:25 PM,11:28 PM,11:30 PM
11:21 PM,11:24 PM,11:27 PM,11:28 PM,11:29 PM,11:30 PM,11:31 PM,11:33 PM,11:36 PM,11:38 PM,11:41 PM,11:43 PM,11:45 PM,11:48 PM,11:50 PM
11:41 PM,11:44 PM,11:47 PM,11:48 PM,11:49 PM,11:50 PM,11:51 PM,11:53 PM,11:56 PM,11:58 PM,12:01 AM,12:03 AM,12:05 AM,12:08 AM,12:10 AM
12:01 AM,12:04 AM,12:07 AM,12:08 AM,12:09 AM,12:10 AM,12:11 AM,12:13 AM,12:16 AM,12:18 AM,12:21 AM,12:23 AM,12:25 AM,12:28 AM,12:30 AM
12:21 AM,12:24 AM,12:27 AM,12:28 AM,12:29 AM,12:30 AM,12:31 AM,12:33 AM,12:36 AM,12:38 AM,12:41 AM,12:43 AM,12:45 AM,12:48 AM,12:50 AM
12:41 AM,12:44 AM,12:47 AM,12:48 AM,12:49 AM,12:50 AM,12:51 AM,12:53 AM,12:56 AM,12:58 AM,1:01 AM,1:03 AM,1:05 AM,1:08 AM,1:10 AM
1:01 AM,1:04 AM,1:07 AM,1:08 AM,1:09 AM,1:10 AM,1:11 AM,1:13 AM,1:16 AM,1:18 AM,1:21 AM,1:23 AM,1:25 AM,1:28 AM,1:30 AM
1:16 AM,1:20 AM,1:24 AM,1:26 AM,1:28 AM,1:30 AM,--,--,--,--,--,--,--,--,--
--,--,--,--,--,1:35 AM,1:36 AM,1:38 AM,1:41 AM,1:43 AM,1:46 AM,1:48 AM,1:50 AM,1:53 AM,1:55 AM