Airport Station,College Park Station,East Point Station,Lakewood Station,Oakland City Station,West End Station,Garnett Station,Five Points Station,Peachtree Center Station,Civic Center Station,North Ave Station,Midtown Station,Arts Center Station,Lindbergh Station,Buckhead Station,Medical Center Station,Dunwoody Station,Sandy Springs Station,North Springs Station
5:50 AM,5:51 AM,5:54 AM,5:57 AM,5:59 AM,6:01 AM,6:03 AM,6:05 AM,6:06 AM,6:07 AM,6:08 AM,6:09 AM,6:11 AM,6:15 AM,6:19 AM,6:24 AM,6:26 AM,6:28 AM,6:30 AM
6:10 AM,6:11 AM,6:14 AM,6:17 AM,6:19 AM,6:21 AM,6:23 AM,6:25 AM,6:26 AM,6:27 AM,6:28 AM,6:29 AM,6:31 AM,6:35 AM,6:39 AM,6:44 AM,6:46 AM,6:48 AM,6:50 AM
6:30 AM,6:31 AM,6:34 AM,6:37 AM,6:39 AM,6:41 AM,6:43 AM,6:45 AM,6:46 AM,6:47 AM,6:48 AM,6:49 AM,6:51 AM,6:55 AM,6:59 AM,7:04 AM,7:06 AM,7:08 AM,7:10 AM
6:50 AM,6:51 AM,6:54 AM,6:57 AM,6:59 AM,7:01 AM,7:03 AM,7:05 AM,7:06 AM,7:07 AM,7:08 AM,7:09 AM,7:11 AM,7:15 AM,7:19 AM,7:24 AM,7:26 AM,7:28 AM,7:30 AM
7:10 AM,7:11 AM,7:14 AM,7:17 AM,7:19 AM,7:21 AM,7:23 AM,7:25 AM,7:26 AM,7:27 AM,7:28 AM,7:29 AM,7:31 AM,7:35 AM,7:39 AM,7:44 AM,7:46 AM,7:48 AM,7:50 AM
7:30 AM,7:31 AM,7:34 AM,7:37 AM,7:39 AM,7:41 AM,7:43 AM,7:45 AM,7:46 AM,7:47 AM,7:48 AM,7:49 AM,7:51 AM,7:55 AM,7:59 AM,8:04 AM,8:06 AM,8:08 AM,8:10 AM
7:50 AM,7:51 AM,7:54 AM,7:57 AM,7:59 AM,8:01 AM,8:03 AM,8:05 AM,8:06 AM,8:07 AM,8:08 AM,8:09 AM,8:11 AM,8:15 AM,8:19 AM,8:24 AM,8:26 AM,8:28 AM,8:30 AM
8:10 AM,8:11 AM,8:14 AM,8:17 AM,8:19 AM,8:21 AM,8:23 AM,8:25 AM,8:26 AM,8:27 AM,8:28 AM,8:29 AM,8:31 AM,8:35 AM,8:39 AM,8:44 AM,8:46 AM,8:48 AM,8:50 AM
8:30 AM,8:31 AM,8:34 AM,8:37 AM,8:39 AM,8:41 AM,8:43 AM,8:45 AM,8:46 AM,8:47 AM,8:48 AM,8:49 AM,8:51 AM,8:55 AM,8:59 AM,9:04 AM,9:06 AM,9:08 AM,9:10 AM
8:50 AM,8:51 AM,8:54 AM,8:57 AM,8:59 AM,9:01 AM,9:03 AM,9:05 AM,9:06 AM,9:07 AM,9:08 AM,9:09 AM,9:11 AM,9:15 AM,9:19 AM,9:24 AM,9:26 AM,9:28 AM,9:30 AM
9:10 AM,9:11 AM,9:14 AM,9:17 AM,9:19 AM,9:21 AM,9:23 AM,9:25 AM,9:26 AM,9:27 AM,9:28 AM,9:29 AM,9:31 AM,9:35 AM,9:39 AM,9:44 AM,9:46 AM,9:48 AM,9:50 AM
9:30 AM,9:31 AM,9:34 AM,9:37 AM,9:39 AM,9:41 AM,9:43 AM,9:45 AM,9:46 AM,9:47 AM,9:48 AM,9:49 AM,9:51 AM,9:55 AM,9:59 AM,10:04 AM,10:06 AM,10:08 AM,10:10 AM
9:50 AM,9:51 AM,9:54 AM,9:57 AM,9:59 AM,10:01 AM,10:03 AM,10:05 AM,10:06 AM,10:07 AM,10:08 AM,10:09 AM,10:11 AM,10:15 AM,10:19 AM,10:24 AM,10:26 AM,10:28 AM,10:30 AM
10:10 AM,10:11 AM,10:14 AM,10:17 AM,10:19 AM,10:21 AM,10:23 AM,10:25 AM,10:26 AM,10:27 AM,10:28 AM,10:29 AM,10:31 AM,10:35 AM,10:39 AM,10:44 AM,10:46 AM,10:48 AM,10:50 AM
10:30 AM,10:31 AM,10:34 AM,10:37 AM,10:39 AM,10:41 AM,10:43 AM,10:45 AM,10:46 AM,10:47 AM,10:48 AM,10:49 AM,10:51 AM,10:55 AM,10:59 AM,11:04 AM,11:06 AM,11:08 AM,11:10 AM
10:50 AM,10:51 AM,10:54 AM,10:57 AM,10:59 AM,11:01 AM,11:03 AM,11:05 AM,11:06 AM,11:07 AM,11:08 AM,11:09 AM,11:11 AM,11:15 AM,11:19 AM,11:24 AM,11:26 AM,11:28 AM,11:30 AM
11:10 AM,11:11 AM,11:14 AM,11:17 AM,11:19 AM,11:21 AM,11:23 AM,11:25 AM,11:26 AM,11:27 AM,11:28 AM,11:29 AM,11:31 AM,11:35 AM,11:39 AM,11:44 AM,11:46 AM,11:48 AM,11:50 AM
11:30 AM,11:31 AM,11:34 AM,11:37 AM,11:39 AM,11:41 AM,11:43 AM,11:45 AM,11:46 AM,11:47 AM,11:48 AM,11:49 AM,11:51 AM,11:55 AM,11:59 AM,12:04 PM,12:06 PM,12:08 PM,12:10 PM
11:50 AM,11:51 AM,11:54 AM,11:57 AM,11:59 AM,12:01 PM,12:03 PM,12:05 PM,12:06 PM,12:07 PM,12:08 PM,12:09 PM,12:11 PM,12:15 PM,12:19 PM,12:24 PM,12:26 PM,12:28 PM,12:30 PM
12:10 PM,12:11 PM,12:14 PM,12:17 PM,12:19 PM,12:21 PM,12:23 PM,12:25 PM,12:26 PM,12:27 PM,12:28 PM,12:29 PM,12:31 PM,12:35 PM,12:39 PM,12:44 PM,12:46 PM,12:48 PM,12:50 PM
12:30 PM,12:31 PM,12:34 PM,12:37 PM,12:39 PM,12:41 PM,12:43 PM,12:45 PM,12:46 PM,12:47 PM,12:48 PM,12:49 PM,12:51 PM,12:55 PM,12:59 PM,1:04 PM,1:06 PM,1:08 PM,1:10 PM
12:50 PM,12:51 PM,12:54 PM,12:57 PM,12:59 PM,1:01 PM,1:03 PM,1:05 PM,1:06 PM,1:07 PM,1:08 PM,1:09 PM,1:11 PM,1:15 PM,1:19 PM,1:24 PM,1:26 PM,1:28 PM,1:30 PM
1:10 PM,1:11 PM,1:14 PM,1:17 PM,1:19 PM,1:21 PM,1:23 PM,1:25 PM,1:26 PM,1:27 PM,1:28 PM,1:29 PM,1:31 PM,1:35 PM,1:39 PM,1:44 PM,1:46 PM,1:48 PM,1:50 PM
1:30 PM,1:31 PM,1:34 PM,1:37 PM,1:39 PM,1:41 PM,1:43 PM,1:45 PM,1:46 PM,1:47 PM,1:48 PM,1:49 PM,1:51 PM,1:55 PM,1:59 PM,2:04 PM,2:06 PM,2:08 PM,2:10 PM
1:50 PM,1:51 PM,1:54 PM,1:57 PM,1:59 PM,2:01 PM,2:03 PM,2:05 PM,2:06 PM,2:07 PM,2:08 PM,2:09 PM,2:11 PM,2:15 PM,2:19 PM,2:24 PM,2:26 PM,2:28 PM,2:30 PM
2:10 PM,2:11 PM,2:14 PM,2:17 PM,2:19 PM,2:21 PM,2:23 PM,2:25 PM,2:26 PM,2:27 PM,2:28 PM,2:29 PM,2:31 PM,2:35 PM,2:39 PM,2:44 PM,2:46 PM,2:48 PM,2:50 PM
2:30 PM,2:31 PM,2:34 PM,2:37 PM,2:39 PM,2:41 PM,2:43 PM,2:45 PM,2:46 PM,2:47 PM,2:48 PM,2:49 PM,2:51 PM,2:55 PM,2:59 PM,3:04 PM,3:06 PM,3:08 PM,3:10 PM
2:50 PM,2:51 PM,2:54 PM,2:57 PM,2:59 PM,3:01 PM,3:03 PM,3:05 PM,3:06 PM,3:07 PM,3:08 PM,3:09 PM,3:11 PM,3:15 PM,3:19 PM,3:24 PM,3:26 PM,3:28 PM,3:30 PM
3:10 PM,3:11 PM,3:14 PM,3:17 PM,3:19 PM,3:21 PM,3:23 PM,3:25 PM,3:26 PM,3:27 PM,3:28 PM,3:29 PM,3:31 PM,3:35 PM,3:39 PM,3:44 PM,3:46 PM,3:48 PM,3:50 PM
3:30 PM,3:31 PM,3:34 PM,3:37 PM,3:39 PM,3:41 PM,3:43 PM,3:45 PM,3:46 PM,3:47 PM,3:48 PM,3:49 PM,3:51 PM,3:55 PM,3:59 PM,4:04 PM,4:06 PM,4:08 PM,4:10 PM
3:50 PM,3:51 PM,3:54 PM,3:57 PM,3:59 PM,4:01 PM,4:03 PM,4:05 PM,4:06 PM,4:07 PM,4:08 PM,4:09 PM,4:11 PM,4:15 PM,4:19 PM,4:24 PM,4:26 PM,4:28 PM,4:30 PM
4:10 PM,4:11 PM,4:14 PM,4:17 PM,4:19 PM,4:21 PM,4:23 PM,4:25 PM,4:26 PM,4:27 PM,4:28 PM,4:29 PM,4:31 PM,4:35 PM,4:39 PM,4:44 PM,4:46 PM,4:48 PM,4:50 PM
4:30 PM,4:31 PM,4:34 PM,4:37 PM,4:39 PM,4:41 PM,4:43 PM,4:45 PM,4:46 PM,4:47 PM,4:48 PM,4:49 PM,4:51 PM,4:55 PM,4:59 PM,5:04 PM,5:06 PM,5:08 PM,5:10 PM
4:50 PM,4:51 PM,4:54 PM,4:57 PM,4:59 PM,5:01 PM,5:03 PM,5:05 PM,5:06 PM,5:07 PM,5:08 PM,5:09 PM,5:11 PM,5:15 PM,5:19 PM,5:24 PM,5:26 PM,5:28 PM,5:30 PM
5:10 PM,5:11 PM,5:14 PM,5:17 PM,5:19 PM,5:21 PM,5:23 PM,5:25 PM,5:26 PM,5:27 PM,5:28 PM,5:29 PM,5:31 PM,5:35 PM,5:39 PM,5:44 PM,5:46 PM,5:48 PM,5:50 PM
5:30 PM,5:31 PM,5:34 PM,5:37 PM,5:39 PM,5:41 PM,5:43 PM,5:45 PM,5:46 PM,5:47 PM,5:48 PM,5:49 PM,5:51 PM,5:55 PM,5:59 PM,6:04 PM,6:06 PM,6:08 PM,6:10 PM
5:50 PM,5:51 PM,5:54 PM,5:57 PM,5:59 PM,6:01 PM,6:03 PM,6:05 PM,6:06 PM,6:07 PM,6:08 PM,6:09 PM,6:11 PM,6:15 PM,6:19 PM,6:24 PM,6:26 PM,6:28 PM,6:30 PM
6:10 PM,6:11 PM,6:14 PM,6:17 PM,6:19 PM,6:21 PM,6:23 PM,6:25 PM,6:26 PM,6:27 PM,6:28 PM,6:29 PM,6:31 PM,6:35 PM,6:39 PM,6:44 PM,6:46 PM,6:48 PM,6:50 PM
6:30 PM,6:31 PM,6:34 PM,6:37 PM,6:39 PM,6:41 PM,6:43 PM,6:45 PM,6:46 PM,6:47 PM,6:48 PM,6:49 PM,6:51 PM,6:55 PM,6:59 PM,7:04 PM,7:06 PM,7:08 PM,7:10 PM
6:50 PM,6:51 PM,6:54 PM,6:57 PM,6:59 PM,7:01 PM,7:03 PM,7:05 PM,7:06 PM,7:07 PM,7:08 PM,7:09 PM,7:11 PM,7:15 PM,7:19 PM,7:24 PM,7:26 PM,7:28 PM,7:30 PM
7:10 PM,7:11 PM,7:14 PM,7:17 PM,7:19 PM,7:21 PM,7:23 PM,7:25 PM,7:26 PM,7:27 PM,7:28 PM,7:29 PM,7:31 PM,7:35 PM,7:39 PM,7:44 PM,7:46 PM,7:48 PM,7:50 PM
7:30 PM,7:31 PM,7:34 PM,7:37 PM,7:39 PM,7:41 PM,7:43 PM,7:45 PM,7:46 PM,7:47 PM,7:48 PM,7:49 PM,7:51 PM,7:55 PM,7:59 PM,8:04 PM,8:06 PM,8:08 PM,8:10 PM
7:50 PM,7:51 PM,7:54 PM,7:57 PM,7:59 PM,8:01 PM,8:03 PM,8:05 PM,8:06 PM,8:07 PM,8:08 PM,8:09 PM,8:11 PM,8:15 PM,8:19 PM,8:24 PM,8:26 PM,8:28 PM,8:30 PM
8:10 PM,8:11 PM,8:14 PM,8:17 PM,8:19 PM,8:21 PM,8:23 PM,8:25 PM,8:26 PM,8:27 PM,8:28 PM,8:29 PM,8:31 PM,8:35 PM,8:39 PM,8:44 PM,8:46 PM,8:48 PM,8:50 PM
8:30 PM,8:31 PM,8:34 PM,8:37 PM,8:39 PM,8:41 PM,8:43 PM,8:45 PM,8:46 PM,8:47 PM,8:48 PM,8:49 PM,8:51 PM,8:55 PM,8:59 PM,9:04 PM,9:06 PM,9:08 PM,9:10 PM
8:50 PM,8:51 PM,8:54 PM,8:57 PM,8:59 PM,9:01 PM,9:03 PM,9:05 PM,9:06 PM,9:07 PM,9:08 PM,9:09 PM,9:11 PM,9:15 PM,9:19 PM,9:24 PM,9:26 PM,9:28 PM,9:30 PM
--,--,--,--,--,--,--,--,--,--,--,--,--,9:32 PM,9:36 PM,9:41 PM,9:43 PM,9:45 PM,9:47 PM
--,--,--,--,--,--,--,--,--,--,--,--,--,9:52 PM,9:56 PM,10:01 PM,10:03 PM,10:05 PM,10:07 PM
--,--,--,--,--,--,--,--,--,--,--,--,--,10:12 PM,10:16 PM,10:21 PM,10:23 PM,10:25 PM,10:27 PM
--,--,--,--,--,--,--,--,--,--,--,--,--,10:32 PM,10:36 PM,10:41 PM,10:43 PM,10:45 PM,10:47 PM
--,--,--,--,--,--,--,--,--,--,--,--,--,10:52 PM,10:56 PM,11:01 PM,11:03 PM,11:05 PM,11:07 PM
--,--,--,--,--,--,--,--,--,--,--,--,--,11:12 PM,11:16 PM,11:21 PM,11:23 PM,11:25 PM,11:27 PM
--,--,--,--,--,--,--,--,--,--,--,--,--,11:32 PM,11:36 PM,11:41 PM,11:43 PM,11:45 PM,11:47 PM
--,--,--,--,--,--,--,--,--,--,--,--,--,11:52 PM,11:56 PM,12:01 AM,12:03 AM,12:05 AM,12:07 AM
--,--,--,--,--,--,--,--,--,--,--,--,--,12:12 AM,12:16 AM,12:21 AM,12:23 AM,12:25 AM,12:27 AM
--,--,--,--,--,--,--,--,--,--,--,--,--,12:32 AM,12:36 AM,12:41 AM,12:43 AM,12:45 AM,12:47 AM
--,--,--,--,--,--,--,--,--,--,--,--,--,12:52 AM,12:56 AM,1:01 AM,1:03 AM,1:05 AM,1:07 AM
--,--,--,--,--,--,--,--,--,--,--,--,--,1:12 AM,1:16 AM,1:21 AM,1:23 AM,1:25 AM,1:27 AM
--,--,--,--,--,--,--,--,--,--,--,--,--,1:32 AM,1:36 AM,1:41 AM,1:43 AM,1:45 AM,1:47 AM