Indian Creek Station,Kensington Station,Avondale Station,Decatur Station,East Lake Station,Edgewood-Candler Park Station,Inman Park Station,King Memorial Station,Georgia State Station,Five Points Station,Omni Station,Vine City Station,Ashby Station,West Lake Station,Hamilton E. Holmes Station
6:00 AM,6:02 AM,6:05 AM,6:07 AM,6:09 AM,6:12 AM,6:14 AM,6:17 AM,6:19 AM,6:20 AM,6:21 AM,6:22 AM,6:23 AM,6:26 AM,6:29 AM
6:20 AM,6:22 AM,6:25 AM,6:27 AM,6:29 AM,6:32 AM,6:34 AM,6:37 AM,6:39 AM,6:40 AM,6:41 AM,6:42 AM,6:43 AM,6:46 AM,6:49 AM
6:40 AM,6:42 AM,6:45 AM,6:47 AM,6:49 AM,6:52 AM,6:54 AM,6:57 AM,6:59 AM,7:00 AM,7:01 AM,7:02 AM,7:03 AM,7:06 AM,7:09 AM
7:00 AM,7:02 AM,7:05 AM,7:07 AM,7:09 AM,7:12 AM,7:14 AM,7:17 AM,7:19 AM,7:20 AM,7:21 AM,7:22 AM,7:23 AM,7:26 AM,7:29 AM
7:20 AM,7:22 AM,7:25 AM,7:27 AM,7:29 AM,7:32 AM,7:34 AM,7:37 AM,7:39 AM,7:40 AM,7:41 AM,7:42 AM,7:43 AM,7:46 AM,7:49 AM
7:40 AM,7:42 AM,7:45 AM,7:47 AM,7:49 AM,7:52 AM,7:54 AM,7:57 AM,7:59 AM,8:00 AM,8:01 AM,8:02 AM,8:03 AM,8:06 AM,8:09 AM
8:00 AM,8:02 AM,8:05 AM,8:07 AM,8:09 AM,8:12 AM,8:14 AM,8:17 AM,8:19 AM,8:20 AM,8:21 AM,8:22 AM,8:23 AM,8:26 AM,8:29 AM
8:20 AM,8:22 AM,8:25 AM,8:27 AM,8:29 AM,8:32 AM,8:34 AM,8:37 AM,8:39 AM,8:40 AM,8:41 AM,8:42 AM,8:43 AM,8:46 AM,8:49 AM
8:40 AM,8:42 AM,8:45 AM,8:47 AM,8:49 AM,8:52 AM,8:54 AM,8:57 AM,8:59 AM,9:00 AM,9:01 AM,9:02 AM,9:03 AM,9:06 AM,9:09 AM
9:00 AM,9:02 AM,9:05 AM,9:07 AM,9:09 AM,9:12 AM,9:14 AM,9:17 AM,9:19 AM,9:20 AM,9:21 AM,9:22 AM,9:23 AM,9:26 AM,9:29 AM
9:20 AM,9:22 AM,9:25 AM,9:27 AM,9:29 AM,9:32 AM,9:34 AM,9:37 AM,9:39 AM,9:40 AM,9:41 AM,9:42 AM,9:43 AM,9:46 AM,9:49 AM
9:40 AM,9:42 AM,9:45 AM,9:47 AM,9:49 AM,9:52 AM,9:54 AM,9:57 AM,9:59 AM,10:00 AM,10:01 AM,10:02 AM,10:03 AM,10:06 AM,10:09 AM
10:00 AM,10:02 AM,10:05 AM,10:07 AM,10:09 AM,10:12 AM,10:14 AM,10:17 AM,10:19 AM,10:20 AM,10:21 AM,10:22 AM,10:23 AM,10:26 AM,10:29 AM
10:20 AM,10:22 AM,10:25 AM,10:27 AM,10:29 AM,10:32 AM,10:34 AM,10:37 AM,10:39 AM,10:40 AM,10:41 AM,10:42 AM,10:43 AM,10:46 AM,10:49 AM
10:40 AM,10:42 AM,10:45 AM,10:47 AM,10:49 AM,10:52 AM,10:54 AM,10:57 AM,10:59 AM,11:00 AM,11:01 AM,11:02 AM,11:03 AM,11:06 AM,11:09 AM
11:00 AM,11:02 AM,11:05 AM,11:07 AM,11:09 AM,11:12 AM,11:14 AM,11:17 AM,11:19 AM,11:20 AM,11:21 AM,11:22 AM,11:23 AM,11:26 AM,11:29 AM
11:20 AM,11:22 AM,11:25 AM,11:27 AM,11:29 AM,11:32 AM,11:34 AM,11:37 AM,11:39 AM,11:40 AM,11:41 AM,11:42 AM,11:43 AM,11:46 AM,11:49 AM
11:40 AM,11:42 AM,11:45 AM,11:47 AM,11:49 AM,11:52 AM,11:54 AM,11:57 AM,11:59 AM,12:00 PM,12:01 PM,12:02 PM,12:03 PM,12:06 PM,12:09 PM
12:00 PM,12:02 PM,12:05 PM,12:07 PM,12:09 PM,12:12 PM,12:14 PM,12:17 PM,12:19 PM,12:20 PM,12:21 PM,12:22 PM,12:23 PM,12:26 PM,12:29 PM
12:20 PM,12:22 PM,12:25 PM,12:27 PM,12:29 PM,12:32 PM,12:34 PM,12:37 PM,12:39 PM,12:40 PM,12:41 PM,12:42 PM,12:43 PM,12:46 PM,12:49 PM
12:40 PM,12:42 PM,12:45 PM,12:47 PM,12:49 PM,12:52 PM,12:54 PM,12:57 PM,12:59 PM,1:00 PM,1:01 PM,1:02 PM,1:03 PM,1:06 PM,1:09 PM
1:00 PM,1:02 PM,1:05 PM,1:07 PM,1:09 PM,1:12 PM,1:14 PM,1:17 PM,1:19 PM,1:20 PM,1:21 PM,1:22 PM,1:23 PM,1:26 PM,1:29 PM
1:20 PM,1:22 PM,1:25 PM,1:27 PM,1:29 PM,1:32 PM,1:34 PM,1:37 PM,1:39 PM,1:40 PM,1:41 PM,1:42 PM,1:43 PM,1:46 PM,1:49 PM
1:40 PM,1:42 PM,1:45 PM,1:47 PM,1:49 PM,1:52 PM,1:54 PM,1:57 PM,1:59 PM,2:00 PM,2:01 PM,2:02 PM,2:03 PM,2:06 PM,2:09 PM
2:00 PM,2:02 PM,2:05 PM,2:07 PM,2:09 PM,2:12 PM,2:14 PM,2:17 PM,2:19 PM,2:20 PM,2:21 PM,2:22 PM,2:23 PM,2:26 PM,2:29 PM
2:20 PM,2:22 PM,2:25 PM,2:27 PM,2:29 PM,2:32 PM,2:34 PM,2:37 PM,2:39 PM,2:40 PM,2:41 PM,2:42 PM,2:43 PM,2:46 PM,2:49 PM
2:40 PM,2:42 PM,2:45 PM,2:47 PM,2:49 PM,2:52 PM,2:54 PM,2:57 PM,2:59 PM,3:00 PM,3:01 PM,3:02 PM,3:03 PM,3:06 PM,3:09 PM
3:00 PM,3:02 PM,3:05 PM,3:07 PM,3:09 PM,3:12 PM,3:14 PM,3:17 PM,3:19 PM,3:20 PM,3:21 PM,3:22 PM,3:23 PM,3:26 PM,3:29 PM
3:20 PM,3:22 PM,3:25 PM,3:27 PM,3:29 PM,3:32 PM,3:34 PM,3:37 PM,3:39 PM,3:40 PM,3:41 PM,3:42 PM,3:43 PM,3:46 PM,3:49 PM
3:40 PM,3:42 PM,3:45 PM,3:47 PM,3:49 PM,3:52 PM,3:54 PM,3:57 PM,3:59 PM,4:00 PM,4:01 PM,4:02 PM,4:03 PM,4:06 PM,4:09 PM
4:00 PM,4:02 PM,4:05 PM,4:07 PM,4:09 PM,4:12 PM,4:14 PM,4:17 PM,4:19 PM,4:20 PM,4:21 PM,4:22 PM,4:23 PM,4:26 PM,4:29 PM
4:20 PM,4:22 PM,4:25 PM,4:27 PM,4:29 PM,4:32 PM,4:34 PM,4:37 PM,4:39 PM,4:40 PM,4:41 PM,4:42 PM,4:43 PM,4:46 PM,4:49 PM
4:40 PM,4:42 PM,4:45 PM,4:47 PM,4:49 PM,4:52 PM,4:54 PM,4:57 PM,4:59 PM,5:00 PM,5:01 PM,5:02 PM,5:03 PM,5:06 PM,5:09 PM
5:00 PM,5:02 PM,5:05 PM,5:07 PM,5:09 PM,5:12 PM,5:14 PM,5:17 PM,5:19 PM,5:20 PM,5:21 PM,5:22 PM,5:23 PM,5:26 PM,5:29 PM
5:20 PM,5:22 PM,5:25 PM,5:27 PM,5:29 PM,5:32 PM,5:34 PM,5:37 PM,5:39 PM,5:40 PM,5:41 PM,5:42 PM,5:43 PM,5:46 PM,5:49 PM
5:40 PM,5:42 PM,5:45 PM,5:47 PM,5:49 PM,5:52 PM,5:54 PM,5:57 PM,5:59 PM,6:00 PM,6:01 PM,6:02 PM,6:03 PM,6:06 PM,6:09 PM
6:00 PM,6:02 PM,6:05 PM,6:07 PM,6:09 PM,6:12 PM,6:14 PM,6:17 PM,6:19 PM,6:20 PM,6:21 PM,6:22 PM,6:23 PM,6:26 PM,6:29 PM
6:20 PM,6:22 PM,6:25 PM,6:27 PM,6:29 PM,6:32 PM,6:34 PM,6:37 PM,6:39 PM,6:40 PM,6:41 PM,6:42 PM,6:43 PM,6:46 PM,6:49 PM
6:40 PM,6:42 PM,6:45 PM,6:47 PM,6:49 PM,6:52 PM,6:54 PM,6:57 PM,6:59 PM,7:00 PM,7:01 PM,7:02 PM,7:03 PM,7:06 PM,7:09 PM
7:00 PM,7:02 PM,7:05 PM,7:07 PM,7:09 PM,7:12 PM,7:14 PM,7:17 PM,7:19 PM,7:20 PM,7:21 PM,7:22 PM,7:23 PM,7:26 PM,7:29 PM
7:20 PM,7:22 PM,7:25 PM,7:27 PM,7:29 PM,7:32 PM,7:34 PM,7:37 PM,7:39 PM,7:40 PM,7:41 PM,7:42 PM,7:43 PM,7:46 PM,7:49 PM
7:40 PM,7:42 PM,7:45 PM,7:47 PM,7:49 PM,7:52 PM,7:54 PM,7:57 PM,7:59 PM,8:00 PM,8:01 PM,8:02 PM,8:03 PM,8:06 PM,8:09 PM
8:00 PM,8:02 PM,8:05 PM,8:07 PM,8:09 PM,8:12 PM,8:14 PM,8:17 PM,8:19 PM,8:20 PM,8:21 PM,8:22 PM,8:23 PM,8:26 PM,8:29 PM
8:20 PM,8:22 PM,8:25 PM,8:27 PM,8:29 PM,8:32 PM,8:34 PM,8:37 PM,8:39 PM,8:40 PM,8:41 PM,8:42 PM,8:43 PM,8:46 PM,8:49 PM
8:40 PM,8:42 PM,8:45 PM,8:47 PM,8:49 PM,8:52 PM,8:54 PM,8:57 PM,8:59 PM,9:00 PM,9:01 PM,9:02 PM,9:03 PM,9:06 PM,9:09 PM
9:00 PM,9:02 PM,9:05 PM,9:07 PM,9:09 PM,9:12 PM,9:14 PM,9:17 PM,9:19 PM,9:20 PM,9:21 PM,9:22 PM,9:23 PM,9:26 PM,9:29 PM
9:20 PM,9:22 PM,9:25 PM,9:27 PM,9:29 PM,9:32 PM,9:34 PM,9:37 PM,9:39 PM,9:40 PM,9:41 PM,9:42 PM,9:43 PM,9:46 PM,9:49 PM
9:40 PM,9:42 PM,9:45 PM,9:47 PM,9:49 PM,9:52 PM,9:54 PM,9:57 PM,9:59 PM,10:00 PM,10:01 PM,10:02 PM,10:03 PM,10:06 PM,10:09 PM
10:00 PM,10:02 PM,10:05 PM,10:07 PM,10:09 PM,10:12 PM,10:14 PM,10:17 PM,10:19 PM,10:20 PM,10:21 PM,10:22 PM,10:23 PM,10:26 PM,10:29 PM
10:20 PM,10:22 PM,10:25 PM,10:27 PM,10:29 PM,10:32 PM,10:34 PM,10:37 PM,10:39 PM,10:40 PM,10:41 PM,10:42 PM,10:43 PM,10:46 PM,10:49 PM
10:40 PM,10:42 PM,10:45 PM,10:47 PM,10:49 PM,10:52 PM,10:54 PM,10:57 PM,10:59 PM,11:00 PM,11:01 PM,11:02 PM,11:03 PM,11:06 PM,11:09 PM
11:00 PM,11:02 PM,11:05 PM,11:07 PM,11:09 PM,11:12 PM,11:14 PM,11:17 PM,11:19 PM,11:20 PM,11:21 PM,11:22 PM,11:23 PM,11:26 PM,11:29 PM
11:20 PM,11:22 PM,11:25 PM,11:27 PM,11:29 PM,11:32 PM,11:34 PM,11:37 PM,11:39 PM,11:40 PM,11:41 PM,11:42 PM,11:43 PM,11:46 PM,11:49 PM
11:40 PM,11:42 PM,11:45 PM,11:47 PM,11:49 PM,11:52 PM,11:54 PM,11:57 PM,11:59 PM,12:00 AM,12:01 AM,12:02 AM,12:03 AM,12:06 AM,12:09 AM
12:00 AM,12:02 AM,12:05 AM,12:07 AM,12:09 AM,12:12 AM,12:14 AM,12:17 AM,12:19 AM,12:20 AM,12:21 AM,12:22 AM,12:23 AM,12:26 AM,12:29 AM
12:20 AM,12:22 AM,12:25 AM,12:27 AM,12:29 AM,12:32 AM,12:34 AM,12:37 AM,12:39 AM,12:40 AM,12:41 AM,12:42 AM,12:43 AM,12:46 AM,12:49 AM
12:40 AM,12:42 AM,12:45 AM,12:47 AM,12:49 AM,12:52 AM,12:54 AM,12:57 AM,12:59 AM,1:00 AM,1:01 AM,1:02 AM,1:03 AM,1:06 AM,1:09 AM
1:05 AM,1:07 AM,1:10 AM,1:12 AM,1:14 AM,1:18 AM,1:21 AM,1:25 AM,1:28 AM,1:30 AM,--,--,--,--,--
--,--,--,--,--,--,--,--,--,1:35 AM,1:36 AM,1:37 AM,1:38 AM,1:41 AM,1:44 AM